Link, Company, Location, Position
https://kr.indeed.com/rc/clk?jk=af1480274a44bf1f&fccid=bc34e4450e078d19&vjs=3, 네이버제트, 성남 분당구, [NAVER Z] React 웹 프론트엔드 개발자의 전체 세부 정보
https://kr.indeed.com/rc/clk?jk=c8169079d5df0feb&fccid=0b88b2af6686dd2b&vjs=3, 안랩, 성남 분당구, CERT_원격관제 & 개발자 (채용시 마감)의 전체 세부 정보
https://kr.indeed.com/rc/clk?jk=ea99143338a319b7&fccid=8b01882cef0e8002&vjs=3, 와이즈텍, 서울 용산구, 프론트엔드 신입 / 경력 개발자의 전체 세부 정보
https://kr.indeed.com/rc/clk?jk=80b727ace46c254a&fccid=445576e2a7ced0d6&vjs=3, 티맥스소프트, 성남 분당구, [TmaxGroup/FOCUS] AI 빅데이터분석플랫폼 연구원의 전체 세부 정보
https://kr.indeed.com/rc/clk?jk=2b9e604e63e7e46d&fccid=b1f5de6cae96f6c2&vjs=3, 카카오커머스, 성남 분당구, [카카오커머스] 기술직군의 전체 세부 정보
https://kr.indeed.com/rc/clk?jk=55a19c92c845685e&fccid=74d05cee5b52f133&vjs=3, 마이뮤직테이스트, 서울 논현동, Developer / Designer recruit의 전체 세부 정보
https://kr.indeed.com/rc/clk?jk=bf7bf53f892557fb&fccid=ba07516c418dda52&vjs=3, Meta, 서울, Software Engineer  New Product Experimentation의 전체 세부 정보
https://kr.indeed.com/rc/clk?jk=ed092cebbdf903d9&fccid=a72ebaf825acf7af&vjs=3, NHN PAYCO, 성남 판교역, 핀테크 플랫폼 개발의 전체 세부 정보
https://kr.indeed.com/rc/clk?jk=b5110cd1c0bf6df1&fccid=0a12a7b0211de47b&vjs=3, 핑퐁, 서울 종로구, 앱 프론트엔드 개발자 (유연근무제)의 전체 세부 정보
https://kr.indeed.com/rc/clk?jk=e755ae2d37c7f0c5&fccid=98206cd7040cde76&vjs=3, 에이아이스페라, 서울 성동구, [경력] 프론트엔드의 전체 세부 정보
https://kr.indeed.com/rc/clk?jk=463c61239617b013&fccid=3b1901acc774c742&vjs=3, ODK Media  Inc., 서울, SOFTWARE ENGINEER - FRONTEND의 전체 세부 정보
https://kr.indeed.com/rc/clk?jk=f80533a2360037a5&fccid=32b9af632cf3b9f9&vjs=3, 카카오, 성남 판교역, [카카오 클라우드] 쿠버네티스 플랫폼 개발자 모집의 전체 세부 정보
https://kr.indeed.com/rc/clk?jk=96e73b754354f3ad&fccid=32b9af632cf3b9f9&vjs=3, 카카오, 성남 판교역, [톡FE파트/FE플랫폼팀] 프론트엔드 개발자 모집의 전체 세부 정보
https://kr.indeed.com/rc/clk?jk=5133adebeb209d23&fccid=3f9a516642f6114a&vjs=3, 라온로드, 성남 분당구, AI 모빌리티 서비스의 미래 함께 열어갈 우수한 인재 찾습니다.의 전체 세부 정보
https://kr.indeed.com/rc/clk?jk=9d159f96dc2b5683&fccid=f35f7fc5e918087a&vjs=3, 반달소프트, 성남 분당구, 2022년 상반기 프론트엔드 개발자의 전체 세부 정보
https://kr.indeed.com/rc/clk?jk=1601f1bfe3302af5&fccid=f35f7fc5e918087a&vjs=3, 반달소프트, 성남 분당구, 2022년 상반기 백엔드 개발자의 전체 세부 정보
https://kr.indeed.com/rc/clk?jk=cdb619a3d501ee5c&fccid=619a8f6fadae8531&vjs=3, GS ITM, 서울 재동, 프론트엔드 경력 개발자 모집의 전체 세부 정보
https://kr.indeed.com/rc/clk?jk=cb84b246924844c9&fccid=23012025c7b8bbef&vjs=3, 대구텍, 대구 가창면, 웹 개발(경력)의 전체 세부 정보
https://kr.indeed.com/rc/clk?jk=1399ee2f387a27dd&fccid=32b9af632cf3b9f9&vjs=3, 카카오, 성남 판교역, 카카오 전체의 계정 플랫폼을 만들 서버개발자 모집의 전체 세부 정보
https://kr.indeed.com/rc/clk?jk=c2ddb3a1f86b80af&fccid=2c62e4de04b8f952&vjs=3, Nike, 서울, Korea - Nike App Business Manager의 전체 세부 정보
https://kr.indeed.com/rc/clk?jk=a65243a1d192b5c6&fccid=fcc6d6b229369ff5&vjs=3, 현대카드 캐피탈, 서울 영등포구, Web Frontend개발의 전체 세부 정보
https://kr.indeed.com/rc/clk?jk=beaa638bc642b407&fccid=aac6f2070b0f3775&vjs=3, GE Aviation, 경기도, Materials Planning & Execution Coordinator의 전체 세부 정보
https://kr.indeed.com/rc/clk?jk=c6846f4abf3d57cb&fccid=3401aed56a2304e2&vjs=3, 아토즈소프트 관심기업, 서울 성수동2가, 개발자(프론트엔드/백엔드) 정규직 신입/경력자를 모십니다.의 전체 세부 정보
https://kr.indeed.com/rc/clk?jk=9ba2af0dadae83c3&fccid=7de729fac59952f3&vjs=3, 펄핏, 서울 강남구, 프론트엔드 웹 개발자의 전체 세부 정보
https://kr.indeed.com/rc/clk?jk=d8ede1205c7d2ec8&fccid=e696d83fde5c0f20&vjs=3, 넷마블, 서울 구로구, 보안개발(자동화) 담당자 모집의 전체 세부 정보
https://kr.indeed.com/rc/clk?jk=56e6e827298d33b6&fccid=62a316a4088ad7de&vjs=3, (주)원더온 관심기업, 서울 성수동1가, [신입/경력] 프론트엔드 개발 (html외2 부문 정규직 모집의 전체 세부 정보
https://kr.indeed.com/rc/clk?jk=5abe0c3107a95d67&fccid=2949a9e16216f028&vjs=3, 퍼블리, 서울 강남구, 프론트엔드 엔지니어(React) - 경력 2년 이상의 전체 세부 정보
https://kr.indeed.com/rc/clk?jk=90fbc1c2488bed24&fccid=c0cba40e6676323a&vjs=3, 연합인포맥스, 서울 수송동, R&D 개발 신입 채용의 전체 세부 정보
https://kr.indeed.com/rc/clk?jk=3ed4875b426a7a4e&fccid=cd22d01053af7669&vjs=3, Oracle, 서울, System Administrator의 전체 세부 정보
https://kr.indeed.com/rc/clk?jk=f024f064180f1948&fccid=dabb0fae64d17273&vjs=3, 좋은생각, 서울 강남구, React 개발 신입/경력의 전체 세부 정보
https://kr.indeed.com/rc/clk?jk=8e8514f7d5b659f6&fccid=32b9af632cf3b9f9&vjs=3, 카카오, 성남 판교역, 스팸 및 어뷰징 분석/대응(서버개발  머신러닝)의 전체 세부 정보
https://kr.indeed.com/rc/clk?jk=02ea9443917ce381&fccid=32b9af632cf3b9f9&vjs=3, 카카오, 성남 판교역, [동영상서비스/FE플랫폼팀] 프론트엔드 개발자 모집의 전체 세부 정보
https://kr.indeed.com/rc/clk?jk=9479b6a8a43d32f0&fccid=18c4935c8ec646d5&vjs=3, Toss, 서울, React Native Developer의 전체 세부 정보
https://kr.indeed.com/rc/clk?jk=f934b466ae0434a3&fccid=32b9af632cf3b9f9&vjs=3, 카카오, 성남 판교역, 빅데이터 플랫폼 서비스 개발자 모집의 전체 세부 정보
https://kr.indeed.com/rc/clk?jk=052db237d0afb6c6&fccid=32b9af632cf3b9f9&vjs=3, 카카오, 성남 판교역, 카카오 광고 플랫폼 개발자 모집의 전체 세부 정보
https://kr.indeed.com/company/%EC%BD%94%EC%95%84%EB%A9%94%EC%86%8C%EB%93%9C/jobs/%EC%9B%B9%ED%8D%BC%EB%B8%94%EB%A6%AC%EC%85%94-85376f9b4d34f174?fccid=a2f4b9020f0cf3c1&vjs=3, 코아메소드, 서울 영등포구, 웹퍼블리셔의 전체 세부 정보
https://kr.indeed.com/rc/clk?jk=02b692efa5de2722&fccid=27e708ed46de0c83&vjs=3, 약문약답, 성남 분당구, 약문약답과 함께 성장할 프론트엔드 SW 개발자의 전체 세부 정보
https://kr.indeed.com/rc/clk?jk=a220511bae897510&fccid=924e3f7a88560070&vjs=3, 메인라인, 서울 마포구, (주)메인라인과 함께하실 React 개발자의 전체 세부 정보
https://kr.indeed.com/rc/clk?jk=091a956f04c6d195&fccid=750d792cf813d448&vjs=3, 직방, 서울 종로구, [홈IoT 사업팀 개발그룹] 디지털 도어록/홈 네트워크 모바일앱 개발의 전체 세부 정보
https://kr.indeed.com/rc/clk?jk=fdfa9ec52cdc7f7a&fccid=750d792cf813d448&vjs=3, 직방, 서울 종로구, 호갱노노 서비스 프론트엔드 Jr. 개발자 (경력 3년 이상)의 전체 세부 정보
https://kr.indeed.com/rc/clk?jk=9469ee23d4ca6d9b&fccid=f9d7b79c30512a85&vjs=3, CJ올리브네트웍스, 성남 서현동, OTT 플랫폼 프론트엔드 개발자 경력 채용의 전체 세부 정보
https://kr.indeed.com/rc/clk?jk=a5e093a350feb268&fccid=5c3222a7b96c49cc&vjs=3, 케이뱅크은행, 서울 중학동, 채널 웹서비스 개발/업무 시스템 운영 담당자 채용의 전체 세부 정보
https://kr.indeed.com/rc/clk?jk=ae2e7d32073a3238&fccid=a4e6e58965743113&vjs=3, 이엠시티, 서울 영등포구, 이엠시티와 함께 글로벌 시장에 도전할 개발자의 전체 세부 정보
https://kr.indeed.com/rc/clk?jk=4b345f771ae89023&fccid=74fbc768a4e5bece&vjs=3, ByteDance, 서울, Regional Real Estate Design Manager  APAC의 전체 세부 정보
https://kr.indeed.com/rc/clk?jk=bcb66193e91fee96&fccid=a42311527da9836f&vjs=3, 메리홀리데이, 서울 강남구, 여행 좋아하는 주니어 개발자의 전체 세부 정보
https://kr.indeed.com/rc/clk?jk=666e3afb36cf8b77&fccid=445576e2a7ced0d6&vjs=3, 티맥스소프트, 성남 분당구, [TmaxGroup/FOCUS] SuperCompany SaaS 연구원의 전체 세부 정보
https://kr.indeed.com/rc/clk?jk=889d7c89927a07e5&fccid=93116efd0859e0ce&vjs=3, 구름, 성남 분당구, [신입/경력] 프론트엔드 개발자의 전체 세부 정보
https://kr.indeed.com/rc/clk?jk=b3a3c060c15e95cf&fccid=7841155ce7fa178a&vjs=3, 바오밥파트너즈, 서울 강남구, 프론트엔드  HTML·DHTML·mHTML 외 경력 정규직의 전체 세부 정보
https://kr.indeed.com/rc/clk?jk=964086440772969e&fccid=5d2d74872707c882&vjs=3, 오라클컴퍼니, 서울 강남구, [강남/오라클컴퍼니] React/React Native 프론트엔드 개발자 공개의 전체 세부 정보
https://kr.indeed.com/rc/clk?jk=125b60170c44664e&fccid=aad4f523ec2759ba&vjs=3, 만나아이티, 서울 영등포구, [만나아이티] 칼퇴근 인센팍팍 C# ASP.NET React Node.js 금융IT의 전체 세부 정보
https://kr.indeed.com/rc/clk?jk=e953849fe152e454&fccid=37667075f56251e4&vjs=3, 에스에스지닷컴, 서울 회현동, [SSG/서비스] 프론트엔드/UI 개발자의 전체 세부 정보
https://kr.indeed.com/rc/clk?jk=23946da0cee5bf76&fccid=b00d4b329a5fe2ac&vjs=3, 엘리스, 서울 강남구, Web 교육 컨텐츠 제작자의 전체 세부 정보
https://kr.indeed.com/rc/clk?jk=722a763a28605672&fccid=32b9af632cf3b9f9&vjs=3, 카카오, 성남 판교역, 카카오의 사회공헌 서비스를 만들어갈 FE 개발자 모집의 전체 세부 정보
https://kr.indeed.com/rc/clk?jk=ced052b2ebc5ecb1&fccid=df5e7ec512668ebf&vjs=3, 파운트, 서울 중구, 프론트엔드 엔지니어 (Web)의 전체 세부 정보
https://kr.indeed.com/rc/clk?jk=af8df11ce4da2071&fccid=37667075f56251e4&vjs=3, 에스에스지닷컴, 서울 회현동, [테크] WEB개발 UI개발자 경력 채용의 전체 세부 정보
https://kr.indeed.com/rc/clk?jk=f2843bef0380a208&fccid=14be3ee81beeb89a&vjs=3, 교보증권, 서울 여의도, 디지털사업본부 경력직 웹 개발자 채용의 전체 세부 정보
https://kr.indeed.com/rc/clk?jk=477609d9ac98d662&fccid=0aeb279b74dee723&vjs=3, 크래프톤, 성남 분당구, [BLUE Unit] Animator (3년 이상)의 전체 세부 정보
https://kr.indeed.com/rc/clk?jk=a0e046236a8d5633&fccid=662f4245f149cfbe&vjs=3, 한겨레, 서울 공덕동, 웹개발자 정규직 경력사원 공개채용의 전체 세부 정보
https://kr.indeed.com/rc/clk?jk=dae7e47c7da3ecc7&fccid=445576e2a7ced0d6&vjs=3, 티맥스소프트, 성남 분당구, [TmaxGroup/OS] OS 연구원의 전체 세부 정보
https://kr.indeed.com/rc/clk?jk=0ca5a9b1ac697fb3&fccid=32b9af632cf3b9f9&vjs=3, 카카오, 성남 판교역, 카카오 사용자 인터랙션 연구 개발의 전체 세부 정보
https://kr.indeed.com/rc/clk?jk=920676bb9a53259c&fccid=d6720c3277316d68&vjs=3, 스노우, 성남 백현동, [NAVER Z] Framework 프론트엔드 모집의 전체 세부 정보
https://kr.indeed.com/rc/clk?jk=34bb5851951584f2&fccid=bc34e4450e078d19&vjs=3, 네이버제트, 성남 분당구, [NAVER Z] Internal Service 웹 프론트엔드 개발자의 전체 세부 정보
https://kr.indeed.com/rc/clk?jk=68fa2e8f6b62e92a&fccid=667cf6cbd3cba549&vjs=3, (주)휴톰 관심기업, 서울 대흥동, 플랫폼 프론트엔드 개발자 (React)를 모십니다.의 전체 세부 정보
https://kr.indeed.com/rc/clk?jk=4889d2814b462d35&fccid=b160cc3e023e1129&vjs=3, 에스제이에이치스튜디오, 서울 역삼동, 클라이언트 개발자 FrontEnd Developer의 전체 세부 정보
https://kr.indeed.com/rc/clk?jk=4185a3957726012c&fccid=a1e4e21b1f33cf40&vjs=3, 엔씨소프트, 성남 판교역, Front-End 개발자 모집의 전체 세부 정보
https://kr.indeed.com/rc/clk?jk=9d2eee513761aded&fccid=32b9af632cf3b9f9&vjs=3, 카카오, 성남 판교역, DB Engineer 모집의 전체 세부 정보
https://kr.indeed.com/rc/clk?jk=5c79247732d20cb4&fccid=707decd4d5b2755e&vjs=3, 올거나이즈코리아, 서울 강남구, [IN] React Front-end Engineer의 전체 세부 정보
https://kr.indeed.com/rc/clk?jk=72f040711b69c270&fccid=ae62183ef031b8f1&vjs=3, 아이디어 콘서트, 성남 수정구, 프론트엔드  백엔드  딥러닝  풀스택 개발자 /경력자우대  능력급여의 전체 세부 정보
https://kr.indeed.com/rc/clk?jk=cde4e7c66ffda865&fccid=f0d1a3e5a0a2e05f&vjs=3, 케이피보험서비스, 성남 분당구, [카카오페이 보험서비스] 보험플랫폼 프론트엔드 개발자 영입의 전체 세부 정보
https://kr.indeed.com/rc/clk?jk=d5ea7fa62d3b9f1a&fccid=bd0dc1817223394f&vjs=3, 한화그룹, 서울, [플랫폼개발팀] Frontend 개발자 경력채용의 전체 세부 정보
https://kr.indeed.com/rc/clk?jk=6c21900a13407ab8&fccid=f9d7b79c30512a85&vjs=3, CJ올리브네트웍스, 성남 서현동, 운영 PM 및 개발 PL 경력 모집의 전체 세부 정보
https://kr.indeed.com/rc/clk?jk=2eba7bd70481754d&fccid=0b051c1080005e4c&vjs=3, Veeco, 경기도, Field Service Engineer의 전체 세부 정보
https://kr.indeed.com/rc/clk?jk=d8f727bdc1e5073e&fccid=06522dc41f0858e7&vjs=3, 텐바이텐, 서울 연건동, 웹퍼블리셔 신입/경력직 모집의 전체 세부 정보
https://kr.indeed.com/rc/clk?jk=c684c5b6a74504fe&fccid=8998f0fe3f08a5e3&vjs=3, 키플, 수원 영통구, 웹앱개발 위한 풀스택 엔지니어의 전체 세부 정보
https://kr.indeed.com/rc/clk?jk=521851a49ed46c0a&fccid=41ab825ad0dacc35&vjs=3, 한화테크윈, 성남 삼평동, Cloud 부문 경력 모집의 전체 세부 정보
https://weworkremotely.com/remote-jobs/agencyanalytics-frontend-engineer, AgencyAnalytics, Canada Only, Frontend Engineer
https://weworkremotely.com/remote-jobs/iterative-senior-front-end-engineer, Iterative, Anywhere in the World, Senior Front-end Engineer
https://weworkremotely.com/listings/dagabase-lead-front-end-developer-sr-developer, Dagabase, Anywhere in the World, Lead Front-End Developer (Sr. Developer)
https://weworkremotely.com/remote-jobs/agencyanalytics-senior-frontend-engineer, AgencyAnalytics, Canada Only, Senior Frontend Engineer
https://weworkremotely.com/remote-jobs/blueprint-test-prep-senior-frontend-software-engineer, Blueprint Test Prep, USA Only, Senior Frontend Software Engineer
https://weworkremotely.com/remote-jobs/aldrin-senior-front-end-developer-web3-remote-1, Aldrin, Anywhere in the World, Senior Front-End Developer Web3 (Remote)
https://weworkremotely.com/remote-jobs/commercetools-integrated-offerings-mid-senior-frontend-engineer-studio-fully-remote-f-m, commercetools Integrated Offerings, Anywhere in the World, Mid/Senior Frontend Engineer - Studio  fully remote (f/*/m)
https://weworkremotely.com/remote-jobs/trustworthy-mobile-engineer-react-native-1, Trustworthy, Anywhere in the World, Mobile Engineer  React Native
https://weworkremotely.com/remote-jobs/pr-co-front-end-developer, pr.co, Europe Only, Front-end developer
https://weworkremotely.com/remote-jobs/maharishi-foundation-international-senior-front-end-react-native-engineer-3, Maharishi Foundation International, Anywhere in the World, Senior Front-End React Native Engineer
https://weworkremotely.com/remote-jobs/nationbuilder-ui-engineer, NationBuilder, USA Only, UI Engineer
https://weworkremotely.com/remote-jobs/create-ape-inc-react-native-lead-developer, Create Ape  inc., Anywhere in the World, React Native Lead Developer
https://weworkremotely.com/remote-jobs/xm-senior-full-stack-developer-cyprus, XM , Anywhere in the World, Senior Full Stack Developer – Cyprus
https://weworkremotely.com/remote-jobs/xm-data-quality-analyst-cyprus-greece-or-remote, XM, Anywhere in the World, Data Quality Analyst – Cyprus  Greece or Remote
https://weworkremotely.com/remote-jobs/heliax-anoma-creative-senior-front-end-engineer, Heliax / Anoma, Anywhere in the World, Creative Senior Front-End Engineer
https://weworkremotely.com/remote-jobs/ocr-labs-front-end-engineer-full-time-1, OCR Labs, Anywhere in the World, Front End Engineer - Full Time
https://weworkremotely.com/remote-jobs/switch-themes-front-end-developer-shopify, Switch Themes, Anywhere in the World, Front-end developer (Shopify)
https://weworkremotely.com/remote-jobs/pspdfkit-web-application-platform-developer, PSPDFKit, Anywhere in the World, Web Application Platform Developer
https://weworkremotely.com/remote-jobs/clevertech-senior-javascript-engineer-react-7, Clevertech, Anywhere in the World, Senior Javascript Engineer - React 
https://weworkremotely.com/remote-jobs/feather-senior-frontend-engineer-react-eu-remote-or-relocation-to-berlin, Feather, Europe Only, Senior Frontend Engineer – React – EU remote or relocation to Berlin
https://weworkremotely.com/remote-jobs/supertab-fully-remote-frontend-software-engineer-react, Supertab, No information, Fully remote - Frontend Software Engineer - React
https://weworkremotely.com/remote-jobs/companycam-senior-mobile-developer, CompanyCam, USA Only/North America Only, Senior Mobile Developer
https://weworkremotely.com/remote-jobs/buildbook-react-software-engineer, BuildBook, North America Only, React Software Engineer
https://weworkremotely.com/remote-jobs/tesorio-inc-frontend-engineer-senior-level-north-america-latam-remote, Tesorio  Inc. , Americas Only, Frontend Engineer (Senior level) - North America/Latam (Remote)
https://weworkremotely.com/remote-jobs/upstack-technologies-inc-react-js-software-developer-remote, UpStack Technologies  Inc., Americas Only/Europe Only, React.js Software Developer - Remote
https://weworkremotely.com/remote-jobs/clevertech-qa-automation-engineer-1, Clevertech, Anywhere in the World, QA Automation Engineer
https://weworkremotely.com/remote-jobs/the-epoch-times-reporter-us-and-world-news-remote-freelance, The Epoch Times, Anywhere in the World, Reporter US and World News (Remote  Freelance) 
https://weworkremotely.com/remote-jobs/sugarcrm-information-security-engineer-romania-1, SugarCRM, Europe Only, Information Security Engineer (Romania)
https://weworkremotely.com/remote-jobs/scrypt-digital-settlement-analyst-remote, Scrypt Digital, USA Only/North America Only/Latin America Only/Americas Only/Canada Only, Settlement Analyst (Remote)
https://weworkremotely.com/remote-jobs/intuit-tax-associate-work-from-home-1, Intuit, USA Only, Tax Associate - Work from Home
https://weworkremotely.com/remote-jobs/intuit-tax-expert-cpa-or-ea-work-from-home-1, Intuit, USA Only, Tax Expert - CPA or EA - Work from Home
https://weworkremotely.com/remote-jobs/livingston-research-freelance-content-writer-copywriter-4, Livingston Research, Anywhere in the World, Freelance Content writer/Copywriter
https://weworkremotely.com/remote-jobs/paymentology-culture-and-engagement-specialist, Paymentology, Anywhere in the World, Culture and Engagement Specialist
https://weworkremotely.com/remote-jobs/wishup-online-business-manager-virtual-assistant, Wishup, USA Only/Canada Only, Online Business Manager - Virtual Assistant
https://weworkremotely.com/remote-jobs/proxify-ab-senior-qa-engineer-long-term-job-100-remote-1, Proxify AB, Anywhere in the World, Senior QA Engineer: Long-term job - 100% remote
https://weworkremotely.com/remote-jobs/telus-international-internet-rater-part-time, TELUS International, USA Only, Internet Rater | Part Time
https://weworkremotely.com/remote-jobs/maharishi-foundation-international-recruiter, Maharishi Foundation International, Anywhere in the World, Recruiter
https://weworkremotely.com/remote-jobs/chainlink-labs-engineering-manager-infrastructure, Chainlink Labs, Anywhere in the World, Engineering Manager  Infrastructure
https://weworkremotely.com/remote-jobs/chainlink-labs-senior-software-engineer-blockchain-integrations-1, Chainlink Labs, Anywhere in the World, Senior Software Engineer  Blockchain Integrations
https://weworkremotely.com/remote-jobs/chainlink-labs-qa-engineer-1, Chainlink Labs, Anywhere in the World, QA Engineer
https://weworkremotely.com/remote-jobs/chainlink-labs-release-engineer-3, Chainlink Labs, Anywhere in the World, Release Engineer
https://weworkremotely.com/remote-jobs/chainlink-labs-senior-software-engineer-golang-2, Chainlink Labs, Anywhere in the World, Senior Software Engineer  Golang
https://weworkremotely.com/remote-jobs/chainlink-labs-data-engineer-observability, Chainlink Labs, Anywhere in the World, Data Engineer  Observability
https://weworkremotely.com/remote-jobs/chainlink-labs-sr-software-engineer-data-engineer-golang-kafka, Chainlink Labs, Anywhere in the World, Sr. Software Engineer/Data Engineer - Golang/Kafka
https://weworkremotely.com/remote-jobs/engagedmd-director-of-market-expansion-business-development, EngagedMD, USA Only, Director of Market Expansion (Business Development)
https://weworkremotely.com/remote-jobs/apollo-executive-search-senior-research-sourcing-associate-1, Apollo Executive Search, Anywhere in the World, Senior Research & Sourcing Associate
https://weworkremotely.com/remote-jobs/maharishi-foundation-international-video-producer, Maharishi Foundation International, Anywhere in the World, Video Producer
https://weworkremotely.com/remote-jobs/intuit-bilingual-spanish-tax-expert-cpa-seasonal-remote-1, Intuit, USA Only, Bilingual Spanish Tax Expert - CPA – Seasonal Remote
https://weworkremotely.com/remote-jobs/paymentology-senior-security-operations-officer, Paymentology, Anywhere in the World, Senior Security Operations Officer 
https://weworkremotely.com/remote-jobs/sitecare-seo-copywriter, SiteCare, Anywhere in the World, SEO Copywriter
https://weworkremotely.com/remote-jobs/files-com-ftp-and-sftp-server-developer-java, Files.com, USA Only, FTP and SFTP Server Developer (Java)
https://weworkremotely.com/remote-jobs/findox-inc-senior-csharp-and-postgresql-backend-developer-2, FinDox Inc, Anywhere in the World, Senior C# and PostgreSQL Backend Developer
https://weworkremotely.com/remote-jobs/narrative-i-o-senior-backend-engineer-scala, Narrative I/O, USA Only/Canada Only, Senior Backend Engineer (Scala)
https://weworkremotely.com/remote-jobs/toptal-senior-blockchain-developer, Toptal, Anywhere in the World, Senior Blockchain Developer
https://weworkremotely.com/remote-jobs/upstack-technologies-inc-golang-software-developer, UpStack Technologies  Inc., Americas Only/Europe Only, Golang Software Developer
https://weworkremotely.com/remote-jobs/upstack-technologies-inc-blockchain-developer, UpStack Technologies  Inc., Americas Only/Europe Only, Blockchain Developer
https://weworkremotely.com/remote-jobs/ebury-senior-python-developer-full-remote-1, Ebury, Latin America Only/Europe Only, Senior Python Developer - Full Remote 
https://weworkremotely.com/remote-jobs/clincierge-software-engineer-ii, Clincierge, USA Only, Software Engineer II
https://weworkremotely.com/remote-jobs/american-marketing-association-senior-software-developer, American Marketing Association, USA Only, Senior Software Developer
https://weworkremotely.com/remote-jobs/doximity-senior-data-integration-engineer, Doximity, USA Only/North America Only, Senior Data Integration Engineer
https://weworkremotely.com/remote-jobs/aldrin-lead-back-end-developer-node-js-web3-remote, Aldrin, Anywhere in the World, Lead Back-End Developer Node.js Web3 (Remote)
https://weworkremotely.com/remote-jobs/expondo-software-engineering-lead-m-f-d, expondo, Europe Only, Software Engineering Lead (m/f/d)
https://weworkremotely.com/remote-jobs/babel-street-inc-software-engineer-iii, Babel Street Inc., USA Only, Software Engineer III
https://weworkremotely.com/remote-jobs/textus-senior-backend-software-engineer, TextUs, USA Only, Senior Backend Software Engineer
https://weworkremotely.com/remote-jobs/housecall-pro-ruby-on-rails-engineer-mid-senior-1, Housecall Pro, Latin America Only, Ruby on Rails Engineer (Mid-Senior)
https://weworkremotely.com/remote-jobs/housecall-pro-ruby-on-rails-engineer-mid-senior, Housecall Pro, Europe Only, Ruby on Rails Engineer (Mid-Senior)
https://weworkremotely.com/listings/petsapp-backend-developer, PetsApp, Europe Only/UK Only, Backend developer
https://weworkremotely.com/remote-jobs/doximity-senior-software-engineer-data, Doximity, USA Only, Senior Software Engineer  Data
https://weworkremotely.com/remote-jobs/drops-senior-backend-engineer-4, Drops, Europe Only, Senior Backend Engineer
https://weworkremotely.com/remote-jobs/clevertech-senior-backend-engineer-node-4, Clevertech, Anywhere in the World, Senior Backend Engineer - Node 
https://weworkremotely.com/remote-jobs/tag-media-web-developer-1, TAG Media, Anywhere in the World, Web Developer
https://weworkremotely.com/remote-jobs/draft-dev-technical-writer-mobile-golang-augmented-reality, Draft.dev, Anywhere in the World, Technical Writer – Mobile  Golang  Augmented Reality
https://weworkremotely.com/remote-jobs/buildbook-ruby-on-rails-software-engineer, BuildBook, North America Only, Ruby on Rails Software Engineer
https://weworkremotely.com/remote-jobs/upstack-technologies-inc-python-developer-remote, UpStack Technologies  Inc., Americas Only/Europe Only, Python Developer - Remote
https://weworkremotely.com/remote-jobs/upstack-technologies-inc-ruby-on-rails-engineer-remote, UpStack Technologies  Inc., Americas Only/Europe Only, Ruby on Rails Engineer - Remote
https://weworkremotely.com/remote-jobs/bitovi-senior-product-designer, Bitovi, Anywhere in the World, Senior Product Designer
https://weworkremotely.com/remote-jobs/discourse-customer-solutions-front-end-designer, Discourse, Americas Only, Customer Solutions - Front End Designer
https://weworkremotely.com/remote-jobs/localize-ui-ux-designer-b2b-saas, Localize, USA Only, UI / UX Designer - B2B SaaS
https://weworkremotely.com/remote-jobs/maharishi-foundation-international-product-designer-2, Maharishi Foundation International, Anywhere in the World, Product Designer
https://weworkremotely.com/remote-jobs/viva-translate-disenador-a-web-ux-senior, Viva Translate, Anywhere in the World, Diseñador/a Web UX Senior
https://weworkremotely.com/remote-jobs/real-vision-product-designer, Real Vision, Anywhere in the World, Product Designer
https://weworkremotely.com/remote-jobs/designlab-product-design-mentor-1, Designlab, Anywhere in the World, Product Design Mentor
https://weworkremotely.com/remote-jobs/hotjar-legal-counsel-emea-4, Hotjar, EMEA Only, Legal Counsel (EMEA)
https://weworkremotely.com/remote-jobs/power-home-remodeling-mid-level-user-experience-designer, Power Home Remodeling, USA Only, Mid-Level User Experience Designer.
https://weworkremotely.com/remote-jobs/springboard-mentor-ui-ux-design-career-track-part-time-remote, Springboard, Anywhere in the World, Mentor - UI/UX Design Career Track (Part-time/Remote)
https://weworkremotely.com/remote-jobs/xm-ios-developer-cyprus-greece-or-remote-4, XM, Anywhere in the World, iOS Developer – Cyprus  Greece or Remote
https://weworkremotely.com/remote-jobs/toptal-senior-web-app-designer-3, Toptal, Anywhere in the World, Senior Web App Designer
https://weworkremotely.com/remote-jobs/toptal-senior-web-app-designer-2, Toptal, Anywhere in the World, Senior Web App Designer
https://weworkremotely.com/remote-jobs/toptal-senior-ux-ui-designer, Toptal, Anywhere in the World, Senior UX/UI Designer
https://weworkremotely.com/remote-jobs/xm-turkish-speaking-customer-experience-officer, XM, Anywhere in the World, Turkish-Speaking Customer Experience Officer
https://weworkremotely.com/remote-jobs/atlas-obscura-digital-product-designer, Atlas Obscura, North America Only, Digital Product Designer
https://weworkremotely.com/remote-jobs/maharishi-foundation-international-design-system-specialist, Maharishi Foundation International, Anywhere in the World, Design System Specialist
https://weworkremotely.com/remote-jobs/frameable-designer, Frameable, Anywhere in the World, Designer
https://weworkremotely.com/remote-jobs/xm-cloud-security-analyst-cyprus-greece-remote, XM, Anywhere in the World, Cloud Security Analyst – Cyprus  Greece  Remote
https://weworkremotely.com/remote-jobs/aurora-solar-product-designer, Aurora Solar, North America Only, Product Designer
https://weworkremotely.com/remote-jobs/create-ape-inc-director-of-web-development, Create Ape  inc., Anywhere in the World, Director of Web Development
https://weworkremotely.com/remote-jobs/a-team-senior-independent-ux-ui-designer-110-190-hr, A.Team, Anywhere in the World, Senior Independent UX/UI Designer ($110-$190/hr)
https://weworkremotely.com/remote-jobs/coursestorm-inc-software-engineering-manager-1, CourseStorm  Inc., North America Only, Software Engineering Manager
https://weworkremotely.com/remote-jobs/community-phone-senior-executive-assistant-to-the-ceo-up-to-100k-per-year-depending-on, Community Phone, Anywhere in the World, Senior Executive Assistant to the CEO (up to $100k per year depending on experience and location)
https://weworkremotely.com/remote-jobs/jam-gg-finance-operations-manager, Jam.gg, Europe Only, Finance Operations Manager
https://weworkremotely.com/remote-jobs/intent-seo-specialist, Intent, UK Only, SEO Specialist
https://weworkremotely.com/remote-jobs/alphasights-engineering-manager-remote-us, AlphaSights, USA Only, Engineering Manager (Remote) – US
https://weworkremotely.com/remote-jobs/create-ape-inc-project-manager-3, Create Ape  inc., Anywhere in the World, Project Manager
https://weworkremotely.com/remote-jobs/rivo-commerce-operations-specialist, Rivo Commerce, USA Only/Canada Only, Operations Specialist
https://weworkremotely.com/remote-jobs/intelity-project-manager, INTELITY, Latin America Only, Project Manager
https://weworkremotely.com/remote-jobs/vaan-project-manager-for-design-technology-agency-ecommerce, Vaan, Americas Only/EMEA Only, Project Manager for Design & Technology Agency (eCommerce)
https://weworkremotely.com/remote-jobs/test-double-engineering-manager, Test Double, Americas Only, Engineering Manager
https://weworkremotely.com/remote-jobs/findable-digital-marketing-project-manager, Findable Digital Marketing, Anywhere in the World, Project Manager
https://weworkremotely.com/remote-jobs/aldrin-technical-project-manager-web3-remote, Aldrin, Europe Only, Technical Project Manager Web3 (Remote)
https://weworkremotely.com/remote-jobs/conserv-director-of-engineering, Conserv, Anywhere in the World, Director of Engineering
https://weworkremotely.com/remote-jobs/fluyo-coo-head-of-operations, Fluyo, Anywhere in the World, COO / Head of Operations
https://weworkremotely.com/remote-jobs/flag-theory-financial-analyst, Flag Theory, Anywhere in the World, Financial Analyst
https://weworkremotely.com/remote-jobs/nagarro-digital-ventures-senior-digital-project-manager, Nagarro Digital Ventures, North America Only, Senior Digital Project Manager
https://weworkremotely.com/remote-jobs/quartzy-senior-financial-analyst, Quartzy, USA Only, Senior Financial Analyst
https://weworkremotely.com/remote-jobs/quartzy-controller, Quartzy, USA Only, Controller
https://weworkremotely.com/remote-jobs/enzyme-senior-project-manager, Enzyme, North America Only, Senior Project Manager
https://weworkremotely.com/remote-jobs/greenback-expat-tax-services-remote-us-expat-tax-accountant-contractor, Greenback Expat Tax Services, Anywhere in the World, Remote US Expat Tax Accountant Contractor
https://weworkremotely.com/remote-jobs/tiller-senior-software-engineer-ops-focus-at-tiller, Tiller, Anywhere in the World, Senior Software Engineer (Ops Focus) at Tiller
https://weworkremotely.com/remote-jobs/ebury-senior-site-reliability-engineer-remote-south-america, Ebury, Latin America Only, Senior Site Reliability Engineer - (Remote  South America)
https://weworkremotely.com/remote-jobs/ivy-ml-engineer-intern, Ivy, Anywhere in the World, ML Engineer Intern
https://weworkremotely.com/remote-jobs/chainlink-labs-site-reliability-engineer-1, Chainlink Labs, Anywhere in the World, Site Reliability Engineer
https://weworkremotely.com/remote-jobs/chainlink-labs-devops-engineer-1, Chainlink Labs, Anywhere in the World, DevOps Engineer
https://weworkremotely.com/remote-jobs/follow-up-boss-senior-infrastructure-engineer-2, Follow Up Boss, USA Only, Senior Infrastructure Engineer
https://weworkremotely.com/remote-jobs/doximity-data-integration-engineer-1, Doximity, North America Only, Data Integration Engineer
https://weworkremotely.com/remote-jobs/elevation-solutions-senior-salesforce-consultant-6, Elevation Solutions, Anywhere in the World, Senior Salesforce Consultant
https://weworkremotely.com/remote-jobs/clevertech-senior-devops-engineer-9, Clevertech, Anywhere in the World, Senior DevOps Engineer 
https://weworkremotely.com/remote-jobs/wordpress-vip-systems-engineer-at-wordpress-vip-sre, WordPress VIP, Anywhere in the World, Systems Engineer at WordPress VIP/SRE
https://weworkremotely.com/remote-jobs/automattic-senior-systems-engineer-1, Automattic, Anywhere in the World, Senior Systems Engineer
https://weworkremotely.com/remote-jobs/commercetools-integrated-offerings-site-reliability-engineer-fully-remote-f-m, commercetools Integrated Offerings, Anywhere in the World, Site Reliability Engineer  fully remote (f/*/m)
https://weworkremotely.com/remote-jobs/hygraph-graphcms-gmbh-devops-engineer-f-m-d-remote-europe-the-americas, Hygraph  GraphCMS GmbH, Americas Only/Europe Only, DevOps Engineer (f/m/d) - Remote Europe/The Americas
https://weworkremotely.com/remote-jobs/springboard-mentor-cyber-security-career-track-part-time-remote-2, Springboard, Anywhere in the World, Mentor - Cyber Security Career Track (Part-time/Remote)
https://weworkremotely.com/remote-jobs/the-scale-factory-aws-consultant, The Scale Factory, Europe Only/UK Only, AWS Consultant
https://weworkremotely.com/remote-jobs/toptal-senior-devops-engineer, Toptal, Anywhere in the World, Senior DevOps Engineer
https://weworkremotely.com/remote-jobs/paymentology-devops-engineer-1, Paymentology, Europe Only, DevOps Engineer
https://weworkremotely.com/remote-jobs/sticker-mule-software-engineer-security, Sticker Mule, USA Only, Software Engineer - Security
https://weworkremotely.com/remote-jobs/fleetio-senior-cloud-infrastructure-engineer, Fleetio, North America Only, Senior Cloud Infrastructure Engineer
https://weworkremotely.com/remote-jobs/fleetio-senior-database-administrator-dba, Fleetio, North America Only, Senior Database Administrator (DBA)
https://weworkremotely.com/remote-jobs/toggl-qa-architect, Toggl, Anywhere in the World, QA Architect
https://weworkremotely.com/remote-jobs/clickmagick-linux-system-admin-2, ClickMagick, Americas Only, Linux System Admin
https://weworkremotely.com/remote-jobs/swimlane-site-reliability-engineer-sre, Swimlane, USA Only, Site Reliability Engineer (SRE)
https://weworkremotely.com/remote-jobs/clevertech-cloud-security-engineer, Clevertech, Anywhere in the World, Cloud Security Engineer
https://weworkremotely.com/remote-jobs/godaddy-senior-android-platform-engineer-aosp, GoDaddy, Anywhere in the World, Senior Android Platform Engineer - AOSP
https://weworkremotely.com/listings/overleaf-product-manager-technical, Overleaf, Anywhere in the World, Product Manager (Technical)
https://weworkremotely.com/remote-jobs/instinct-science-senior-product-manager, Instinct Science, North America Only, Senior Product Manager
https://weworkremotely.com/remote-jobs/clevertech-senior-product-analyst, Clevertech, North America Only, Senior Product Analyst 
https://weworkremotely.com/remote-jobs/clevertech-junior-product-analyst, Clevertech, North America Only, Junior Product Analyst
https://weworkremotely.com/remote-jobs/populus-technology-development-lead, POPULUS Technology, Anywhere in the World, Development Lead
https://weworkremotely.com/remote-jobs/close-sr-product-manager, Close, Anywhere in the World, Sr. Product Manager
https://weworkremotely.com/remote-jobs/salesflow-io-project-manager-saas-product-fluent-russian-ukranian-english-eu-remote, Salesflow.io, Europe Only, Project Manager (SaaS  Product)- Fluent Russian / Ukranian & English  EU Remote
https://weworkremotely.com/remote-jobs/silo-technologies-data-analyst, Silo Technologies, North America Only, Data Analyst
https://weworkremotely.com/remote-jobs/user-insights-shopify-website-tester-for-ecommerce-brands, User Insights, Anywhere in the World, Shopify Website Tester (for eCommerce brands)
https://weworkremotely.com/remote-jobs/commercetools-integrated-offerings-technical-product-manager-core-bundling-fully-remote-f-m, commercetools Integrated Offerings, Anywhere in the World, Technical Product Manager - Core/Bundling  fully remote (f/*/m)
https://weworkremotely.com/remote-jobs/maharishi-foundation-international-product-owner, Maharishi Foundation International, Anywhere in the World, Product Owner
https://weworkremotely.com/remote-jobs/data-virtuality-gmbh-product-manager-for-customer-ux-full-time-unlimited-contractor-1, Data Virtuality GmbH, Europe Only/EMEA Only, Product Manager for Customer UX. Full-time. Unlimited. Contractor.
https://weworkremotely.com/remote-jobs/fleetio-product-manager-growth, Fleetio, USA Only, Product Manager  Growth 
https://weworkremotely.com/remote-jobs/pixellu-lead-product-designer-1, Pixellu, Anywhere in the World, Lead Product Designer
https://weworkremotely.com/remote-jobs/paymentology-solution-architect, Paymentology, Anywhere in the World, Solution Architect
https://weworkremotely.com/remote-jobs/paymentology-product-manager, Paymentology, Anywhere in the World, Product Manager
https://weworkremotely.com/remote-jobs/paymentology-technical-writer-api, Paymentology, Anywhere in the World, Technical Writer API
https://weworkremotely.com/remote-jobs/kinsta-ux-researcher-1, Kinsta, USA Only/North America Only/Europe Only/UK Only/Canada Only, UX Researcher
https://weworkremotely.com/remote-jobs/commonlit-director-of-product-management, CommonLit, USA Only, Director of Product Management
https://weworkremotely.com/remote-jobs/commonlit-senior-ux-ui-designer, CommonLit, USA Only, Senior UX/UI Designer
https://weworkremotely.com/remote-jobs/discoverygarden-solution-architect, discoverygarden, USA Only/North America Only/Europe Only/UK Only/Canada Only, Solution Architect 
https://weworkremotely.com/remote-jobs/fleetio-product-quality-analyst-remote, Fleetio, North America Only, Product Quality Analyst (Remote)
https://weworkremotely.com/remote-jobs/agencyanalytics-product-manager-2, AgencyAnalytics, Canada Only, Product Manager
https://weworkremotely.com/remote-jobs/rally-product-manager, Rally, USA Only, Product Manager 
https://weworkremotely.com/remote-jobs/climate-connect-digital-product-marketer, Climate Connect Digital, UK Only, Product Marketer
https://weworkremotely.com/remote-jobs/shoutvox-freelance-writer, ShoutVox, Anywhere in the World, Freelance Writer
https://weworkremotely.com/remote-jobs/paved-account-manager-b2c-brands, Paved, Anywhere in the World, Account Manager  B2C Brands
https://weworkremotely.com/listings/closers-into-leaders-remote-business-development-sales-rep-2, Closers Into Leaders, Anywhere in the World, Remote Business Development Sales Rep
https://weworkremotely.com/listings/a-player-sales-recruiting-inbound-phone-sales-closer-1, A Player Sales Recruiting, Anywhere in the World, Inbound Phone Sales Closer
https://weworkremotely.com/listings/a-player-sales-recruiting-business-development-sales-rep-1, A Player Sales Recruiting, Anywhere in the World, Business Development Sales Rep
https://weworkremotely.com/remote-jobs/liteflow-business-development-representative, Liteflow, Anywhere in the World, Business Development Representative
https://weworkremotely.com/remote-jobs/chat-assassins-chat-assassin-social-media-sales, Chat Assassins, Latin America Only, Chat Assassin (Social Media Sales)
https://weworkremotely.com/remote-jobs/knack-customer-onboarding-representative, Knack, USA Only, Customer Onboarding Representative
https://weworkremotely.com/remote-jobs/mosaic-senior-digital-marketing-strategist, MOSAIC, Anywhere in the World, Senior Digital Marketing Strategist
https://weworkremotely.com/remote-jobs/interaction-design-foundation-business-development-manager-north-america, Interaction Design Foundation, North America Only, Business Development Manager- North America 
https://weworkremotely.com/remote-jobs/clients-on-demand-appointment-setter-remote, Clients on Demand, USA Only/Americas Only, Appointment Setter (Remote)
https://weworkremotely.com/remote-jobs/the-careside-ppc-specialist-ppc-advertising-specialist-paid-media-specialist, The CareSide, Anywhere in the World,  PPC Specialist // PPC Advertising Specialist // Paid Media Specialist
https://weworkremotely.com/remote-jobs/bti-group-appointment-setter-b2b, BTI Group, North America Only, Appointment Setter (B2B)
https://weworkremotely.com/remote-jobs/soar-sr-community-strategist-client-facing, Soar, Anywhere in the World, Sr. Community Strategist (Client Facing)
https://weworkremotely.com/remote-jobs/revealbot-head-of-growth, Revealbot, Anywhere in the World, Head of Growth
https://weworkremotely.com/listings/hospitable-com-head-of-sales-americas-fully-remote-1, Hospitable.com, Anywhere in the World, Head of Sales  Americas (Fully-Remote)
https://weworkremotely.com/remote-jobs/vexxhost-inc-representant-e-des-ventes-sales-representative, VEXXHOST  Inc., Anywhere in the World, Représentant(e) des Ventes | Sales Representative
https://weworkremotely.com/remote-jobs/vexxhost-inc-specialiste-des-medias-sociaux-social-media-specialist, VEXXHOST  Inc., Anywhere in the World, Spécialiste des Médias Sociaux | Social Media Specialist
https://weworkremotely.com/remote-jobs/mailerlite-email-marketing-specialist, MailerLite, Anywhere in the World, Email Marketing Specialist
https://weworkremotely.com/remote-jobs/community-phone-b2c-sales-expert-3200-month-ote, Community Phone, Anywhere in the World, B2C Sales Expert  $3200/month OTE
https://weworkremotely.com/remote-jobs/spiralyze-conversion-copywriter, Spiralyze, Anywhere in the World, Conversion Copywriter
https://weworkremotely.com/remote-jobs/toggl-chief-revenue-officer-3, Toggl, None, Chief Revenue Officer
https://weworkremotely.com/listings/photobooth-supply-co-inside-sales-representative-usa-based-only, Photobooth Supply Co, Anywhere in the World, Inside Sales Representative- USA Based Only
https://weworkremotely.com/remote-jobs/banzai-marketing-manager, Banzai, Anywhere in the World, Marketing Manager
https://weworkremotely.com/remote-jobs/topflight-enterprise-sales-lead, Topflight, North America Only, Enterprise Sales Lead
https://weworkremotely.com/remote-jobs/podia-creator-support-agent-remote-pacific-time-sunday-thursday, Podia, Anywhere in the World, Creator Support Agent (Remote) - Pacific Time  Sunday - Thursday
https://weworkremotely.com/remote-jobs/minut-customer-support-representative, Minut, North America Only, Customer Support Representative
https://weworkremotely.com/remote-jobs/modx-technical-support-specialist-remote-americas-business-hours, MODX, Anywhere in the World, Technical Support Specialist (Remote) Americas Business Hours
https://weworkremotely.com/remote-jobs/hotjar-billing-customer-support-americas, Hotjar, Americas Only, Billing Customer Support (Americas)
https://weworkremotely.com/remote-jobs/draft-dev-account-manager-4, Draft.dev, Anywhere in the World, Account Manager
https://weworkremotely.com/remote-jobs/rivo-commerce-customer-success-team-lead, Rivo Commerce, North America Only, Customer Success Team Lead
https://weworkremotely.com/remote-jobs/deskpro-technical-support-engineer-us-ca, Deskpro, North America Only, Technical Support Engineer (US/CA)
https://weworkremotely.com/remote-jobs/trifecta-retail-ventures-customer-happiness-advocate-remote-canada-asia-1, Trifecta Retail Ventures, Anywhere in the World, Customer Happiness Advocate (Remote - Canada/Asia)
https://weworkremotely.com/remote-jobs/local-kitchens-operations-support-lead-remote-2, Local Kitchens, North America Only, Operations Support Lead - Remote
https://weworkremotely.com/remote-jobs/salesflow-io-customer-success-executive-saas-north-america-remote, Salesflow.io, Americas Only, Customer Success Executive  SaaS - North America  Remote
https://weworkremotely.com/listings/audantic-administrative-assistant-bookkeeper, Audantic, Anywhere in the World, Administrative Assistant / Bookkeeper
https://weworkremotely.com/remote-jobs/community-phone-customer-support-leader, Community Phone, Anywhere in the World, Customer Support Leader
https://weworkremotely.com/remote-jobs/time-doctor-technical-support-specialist-remote-global-saas, Time Doctor, Anywhere in the World, Technical Support Specialist - Remote - Global SaaS
https://weworkremotely.com/remote-jobs/close-customer-support-executive-100-remote-2, Close, Americas Only, Customer Support Executive (100% Remote)
https://weworkremotely.com/remote-jobs/paymentology-advanced-support-senior-manager, Paymentology, Europe Only, Advanced Support – Senior Manager 
https://weworkremotely.com/remote-jobs/paymentology-advanced-customer-support-services-engineer, Paymentology, Europe Only, Advanced Customer Support Services Engineer
https://weworkremotely.com/remote-jobs/omni-interactions-work-from-home-get-your-life-back-1, Omni Interactions, USA Only, Work from home  get your life back!
https://weworkremotely.com/remote-jobs/data-virtuality-gmbh-software-support-engineer, Data Virtuality GmbH, Asia Only/Other (don’t specify), Software Support Engineer
https://weworkremotely.com/remote-jobs/sierra-interactive-accounts-specialist-1, Sierra Interactive, USA Only, Accounts Specialist
https://weworkremotely.com/remote-jobs/sierra-interactive-mls-compliance-specialist, Sierra Interactive, Americas Only, MLS Compliance Specialist
https://weworkremotely.com/remote-jobs/scott-s-cheap-flights-director-member-success, Scott's Cheap Flights, USA Only, Director  Member Success
https://weworkremotely.com/remote-jobs/convertflow-customer-success-manager, ConvertFlow, Anywhere in the World, Customer Success Manager
https://weworkremotely.com/remote-jobs/zbiotics-ecommerce-and-digital-experience-director, ZBiotics, USA Only, Ecommerce and Digital Experience Director
https://weworkremotely.com/remote-jobs/just-financial-analyst-customer-success-team-member, Just, Anywhere in the World, Financial analyst & customer success team member
https://weworkremotely.com/remote-jobs/follow-up-boss-product-support-expert-10, Follow Up Boss, USA Only, Product Support Expert 
https://weworkremotely.com/remote-jobs/rally-manual-qa-tester-2, Rally, Anywhere in the World, Manual QA Tester
https://weworkremotely.com/remote-jobs/memberspace-senior-rails-developer-3, MemberSpace, Anywhere in the World, Senior Rails Developer
https://weworkremotely.com/remote-jobs/onthegosystems-senior-react-developers-for-a-mass-market-saas-product, OnTheGoSystems, Europe Only/UK Only/EMEA Only/Africa Only, Senior React Developers for a Mass-Market SaaS Product
https://weworkremotely.com/remote-jobs/remotemore-java-developer-3, RemoteMore, Americas Only/Europe Only/EMEA Only/Africa Only, Java Developer
https://weworkremotely.com/remote-jobs/iterative-senior-software-engineer-open-source-dev-tools-core, Iterative, Anywhere in the World, Senior Software Engineer - Open Source  Dev Tools  Core
https://weworkremotely.com/remote-jobs/clinicsense-lead-software-engineer, ClinicSense, Anywhere in the World, Lead Software Engineer
https://weworkremotely.com/remote-jobs/opencraft-senior-open-source-developer-devops-python-django-react-aws-openstack, OpenCraft, Anywhere in the World, Senior Open Source Developer & DevOps (Python  Django  React  AWS/OpenStack)
https://weworkremotely.com/remote-jobs/signglasses-mid-senior-full-stack-software-engineer-ruby-on-rails, SignGlasses, USA Only, Mid/Senior Full Stack Software Engineer (Ruby on Rails)
https://weworkremotely.com/remote-jobs/xwp-principal-wordpress-engineer-remote, XWP, Anywhere in the World, Principal WordPress Engineer - Remote
https://weworkremotely.com/remote-jobs/files-com-senior-backend-engineer, Files.com, USA Only, Senior Backend Engineer
https://weworkremotely.com/remote-jobs/onthegosystems-senior-ror-react-developer-for-a-mass-market-saas-product, OnTheGoSystems, Europe Only/UK Only/EMEA Only/Africa Only, Senior RoR / React developer for a Mass-Market SaaS Product
https://weworkremotely.com/remote-jobs/cobbleweb-senior-full-stack-js-developer, CobbleWeb, Europe Only/Africa Only, Senior Full-stack JS Developer
https://weworkremotely.com/remote-jobs/cobbleweb-senior-full-stack-php-developer, CobbleWeb, Europe Only/Africa Only, Senior Full-stack PHP Developer
https://weworkremotely.com/remote-jobs/storetasker-senior-shopify-developer-remote-flexible-1, Storetasker, Anywhere in the World, Senior Shopify Developer (Remote + Flexible)
https://weworkremotely.com/remote-jobs/deon-xamarin-developer-senior-net-csharp, DEON, Europe Only, Xamarin Developer Senior .NET C#
https://weworkremotely.com/remote-jobs/soci-inc-technical-support-engineer-r-d-tier-iii, SOCI  Inc, Anywhere in the World, Technical Support Engineer (R&D) Tier III
https://weworkremotely.com/remote-jobs/duet-inc-senior-windows-cpp-engineer-2, Duet  Inc., Anywhere in the World, Senior Windows C++ Engineer
https://weworkremotely.com/remote-jobs/athelas-software-engineer-3, Athelas, Anywhere in the World, Software Engineer
https://weworkremotely.com/remote-jobs/doximity-software-engineer-ruby-rails, Doximity, USA Only/Americas Only, Software Engineer  Ruby/Rails
https://weworkremotely.com/remote-jobs/corpay-one-quality-assurance-engineer-2, Corpay One, Europe Only, Quality Assurance Engineer
https://weworkremotely.com/remote-jobs/shoppad-inc-software-engineer-ii, ShopPad Inc., USA Only, Software Engineer II
https://weworkremotely.com/remote-jobs/doximity-data-engineer-1, Doximity, Americas Only, Data Engineer
https://weworkremotely.com/remote-jobs/doximity-software-engineer-android-kotlin-2, Doximity, USA Only, Software Engineer  Android (Kotlin)
https://weworkremotely.com/remote-jobs/liquid-web-family-of-brands-software-engineer-wordpress, Liquid Web Family of Brands, Anywhere in the World, Software Engineer - WordPress
https://weworkremotely.com/remote-jobs/working-not-working-senior-rails-full-stack-developer, Working Not Working, USA Only, Senior Rails Full Stack Developer
